"id","category","title","author","license","original_page","file","channels","sample_rate","duration_sec","size_bytes"
"171335","01_binaural_reference","Music box horizontal.flac","dwareing","Creative Commons 0","https://freesound.org/people/dwareing/sounds/171335/","materials/01_binaural_reference/0171335_music_box_horizontal.ogg","2","44100","17.864","451959"
"169373","01_binaural_reference","Music box vertical.flac","dwareing","Creative Commons 0","https://freesound.org/people/dwareing/sounds/169373/","materials/01_binaural_reference/0169373_music_box_vertical.ogg","2","44100","24.610","633520"
"169329","01_binaural_reference","matchbox dropped in bin.flac","dwareing","Creative Commons 0","https://freesound.org/people/dwareing/sounds/169329/","materials/01_binaural_reference/0169329_matchbox_dropped.ogg","2","44100","3.138","82061"
"634100","01_binaural_reference","binaural-train-departing-24-96.wav","HubSwitch","Creative Commons 0","https://freesound.org/people/HubSwitch/sounds/634100/","materials/01_binaural_reference/0634100_binaural_train.ogg","2","96000","49.935","1164593"
"434059","01_binaural_reference","Insects.wav","Wildhorsemann","Creative Commons 0","https://freesound.org/people/Wildhorsemann/sounds/434059/","materials/01_binaural_reference/0434059_dummy_head_insects.ogg","2","48000","56.805","1500764"
"471614","01_binaural_reference","Portland Backyard Binaural","yfjesse","Creative Commons 0","https://freesound.org/people/yfjesse/sounds/471614/","materials/01_binaural_reference/0471614_portland_backyard.ogg","2","44100","208.503","4146373"
"869494","01_binaural_reference","IR Shower Sinesweep recording","Sadiquecat","Creative Commons 0","https://freesound.org/people/Sadiquecat/sounds/869494/","materials/01_binaural_reference/0869494_binaural_shower_sweep.ogg","2","96000","60.959","1434407"
"513411","02_asmr_nearfield","Woman Whispering ASMR 02.wav","vero.marengere","Creative Commons 0","https://freesound.org/people/vero.marengere/sounds/513411/","materials/02_asmr_nearfield/0513411_woman_whisper.ogg","2","48000","22.003","315708"
"690082","02_asmr_nearfield","ASMR fingernail tap sound.mp3","Elias79","Creative Commons 0","https://freesound.org/people/Elias79/sounds/690082/","materials/02_asmr_nearfield/0690082_fingernail_tap.ogg","2","48000","20.560","438962"
"419727","02_asmr_nearfield","ASMR Tapping","dahlJ","Creative Commons 0","https://freesound.org/people/dahlJ/sounds/419727/","materials/02_asmr_nearfield/0419727_asmr_tapping.ogg","2","48000","53.988","1391033"
"475701","02_asmr_nearfield","HairBrushing.mp3","shelbyshark","Creative Commons 0","https://freesound.org/people/shelbyshark/sounds/475701/","materials/02_asmr_nearfield/0475701_hair_brushing.ogg","2","44100","99.291","1635674"
"803595","02_asmr_nearfield","ASMR Mic Foam Scratching/Brushing","salemaudio","Creative Commons 0","https://freesound.org/people/salemaudio/sounds/803595/","materials/02_asmr_nearfield/0803595_mic_foam_brushing.ogg","2","48000","176.629","2620780"
"530346","02_asmr_nearfield","ASMR Mouth Sounds 1.wav","ASMR_Tingles","Creative Commons 0","https://freesound.org/people/ASMR_Tingles/sounds/530346/","materials/02_asmr_nearfield/0530346_mouth_sounds.ogg","2","44100","59.005","1487856"
"690078","02_asmr_nearfield","ASMR cleaning ear.mp3","Elias79","Creative Commons 0","https://freesound.org/people/Elias79/sounds/690078/","materials/02_asmr_nearfield/0690078_ear_cleaning.ogg","2","48000","22.504","523357"
"559764","02_asmr_nearfield","Breadbag Crinkling","jay_mar","Creative Commons 0","https://freesound.org/people/jay_mar/sounds/559764/","materials/02_asmr_nearfield/0559764_breadbag_crinkle.ogg","2","48000","45.075","1362058"
"543479","02_asmr_nearfield","200088_RossJuterbock_Scissors Stereo Haircut ASMR.wav","RossJuterbock","Creative Commons 0","https://freesound.org/people/RossJuterbock/sounds/543479/","materials/02_asmr_nearfield/0543479_haircut_scissors.ogg","2","48000","36.527","966300"
"425467","02_asmr_nearfield","Turning Pages","vartian","Creative Commons 0","https://freesound.org/people/vartian/sounds/425467/","materials/02_asmr_nearfield/0425467_turning_pages.ogg","2","96000","39.660","951610"
"830496","02_asmr_nearfield","Mechanical Keyboard Typing","shaunhillyard","Creative Commons 0","https://freesound.org/people/shaunhillyard/sounds/830496/","materials/02_asmr_nearfield/0830496_mechanical_keyboard.ogg","2","48000","68.074","1370391"
"485043","03_environment_distance","Outside ambience with birds.wav","mfma_sonic","Creative Commons 0","https://freesound.org/people/mfma_sonic/sounds/485043/","materials/03_environment_distance/0485043_outside_birds.ogg","2","48000","165.610","3649697"
"535870","03_environment_distance","Ambiance_Rain_Inside_Car_Close_Roof_Loop_Stereo.wav","Nox_Sound","Creative Commons 0","https://freesound.org/people/Nox_Sound/sounds/535870/","materials/03_environment_distance/0535870_rain_inside_car.ogg","2","48000","22.954","735113"
"268579","03_environment_distance","Tap_Water.wav","7h3_lark","Creative Commons 0","https://freesound.org/people/7h3_lark/sounds/268579/","materials/03_environment_distance/0268579_tap_water.ogg","2","48000","15.378","332123"
"137288","03_environment_distance","Rain inside the old theater of Prypiat (close to Chernobyl, Ukraine)","felix.blume","Creative Commons 0","https://freesound.org/people/felix.blume/sounds/137288/","materials/03_environment_distance/0137288_rain_old_theater.ogg","2","48000","118.957","3246637"
"349312","04_test_signals","PINK_NOISE-10s.wav","newagesoup","Creative Commons 0","https://freesound.org/people/newagesoup/sounds/349312/","materials/04_test_signals/0349312_pink_noise_delayed_stereo.ogg","2","48000","10.003","258953"
"215691","04_test_signals","[WARNING! LOUD NOISE!] unfa's Acoustic Measurment Test Suite","unfa","Creative Commons 0","https://freesound.org/people/unfa/sounds/215691/","materials/04_test_signals/0215691_acoustic_measurement_suite.ogg","2","48000","259.904","1584609"
"192337","04_test_signals","Shower Clap - Closed - Flattened.wav","Ligidium","Creative Commons 0","https://freesound.org/people/Ligidium/sounds/192337/","materials/04_test_signals/0192337_shower_clap_impulse.ogg","2","96000","0.863","25792"
"724024","04_test_signals","5.7s Boca Underpass","djericmark","Creative Commons 0","https://freesound.org/people/djericmark/sounds/724024/","materials/04_test_signals/0724024_underpass_impulse.ogg","2","48000","5.703","101174"
"807393","05_mono_controls","Food - Eating a fruit","Vrymaa","Creative Commons 0","https://freesound.org/people/Vrymaa/sounds/807393/","materials/05_mono_controls/0807393_apple_eating_mono.ogg","1","48000","32.582","362961"
"565204","05_mono_controls","Computer keyboard typing close up","khenshom","Creative Commons 0","https://freesound.org/people/khenshom/sounds/565204/","materials/05_mono_controls/0565204_keyboard_mono.ogg","1","48000","18.003","239724"
"705058","05_mono_controls","Sea waves underwater, back and forth, close to the rocks with water bubbles","felix.blume","Creative Commons 0","https://freesound.org/people/felix.blume/sounds/705058/","materials/05_mono_controls/0705058_underwater_bubbles_mono.ogg","1","48000","23.203","252347"
"350814","05_mono_controls","rhythmic-scrash.wav","Kalabasa25","Creative Commons 0","https://freesound.org/people/Kalabasa25/sounds/350814/","materials/05_mono_controls/0350814_rhythmic_brush_mono.ogg","1","44100","6.868","82002"
